{"test_macro_precision": 0.17003134626497443, "test_macro_recall": 0.10785687896674466, "test_macro_f1": 0.08378765466486365, "test_micro_precision": 0.2619664925861452, "test_micro_recall": 0.2619664925861452, "test_micro_f1": 0.2619664925861452, "test_weighted_precision": 0.3172767112090164, "test_weighted_recall": 0.2619664925861452, "test_weighted_f1": 0.21839588805544907}